[
    {
        "id": 10000,
        "nome": "SALVA PISO TRADICIONAL",
        "produto": "Salva Piso Protetor de Piso (Papel+Bolha)",
        "largura": "1m",
        "comprimento": "25m",
        "cobertura": "25m²",
        "preco": 8386,
        "ipi": "5%",
        "ipic": 419,
        "total": 8805
    },
    {
        "id": 10001,
        "nome": "SALVA PISO TRADICIONAL",
        "produto": "Salva Piso Protetor de Piso (Papel+Bolha)",
        "largura": "0,5m",
        "comprimento": "25m",
        "cobertura": "12,5m",
        "preco": 4403,
        "ipi": "5%",
        "ipic": 220,
        "total": 4623
    },
    {
        "id": 10100,
        "nome": "SALVA PISO TRADICIONAL",
        "produto": "Salva Piso Protetor de Piso (Papel+Bolha+Fita Adesiva)",
        "largura": "1m",
        "comprimento": "25m",
        "cobertura": "25m²",
        "preco": 9214,
        "ipi": "5%",
        "ipic": 461,
        "total": 9675
    },
    {
        "id": 11000,
        "nome": "SALVA PISO MADEIRA",
        "produto": "Salva Piso Protetor de Piso Madeira (Papel+Bolha+TNT)",
        "largura": "1m",
        "comprimento": "25m",
        "cobertura": "25m²",
        "preco": 11010,
        "ipi": "5%",
        "ipic": 551,
        "total": 11561
    },
    {
        "id": 12000,
        "nome": "SALVA PISO EXTRA RESISTENTE",
        "produto": "Salva Piso Protetor de Piso Extra Resistente (Papel+Manta Expandida)",
        "largura": "1,2m",
        "comprimento": "25m",
        "cobertura": "30m²",
        "preco": 14761,
        "ipi": "5%",
        "ipic": 738,
        "total": 15499
    },
    {
        "id": 13000,
        "nome": "SALVA PISO LIMPEZA",
        "produto": "Salva Piso (Porcelanato) Limpeza Pesada Pós Obra",
        "usidade": "1l",
        "diluicao": "10",
        "rendimento": "25m²",
        "unidade": "Caixa c/ 6 unidades",
        "preco": 1483,
        "ipi": "5%",
        "ipic": 74,
        "total": 1557
    },
    {
        "id": 13100,
        "nome": "SALVA PISO LIMPEZA",
        "produto": "Salva Piso Cerâmica e Porcelanato Limpeza Diária",
        "usidade": "1l",
        "diluicao": "10",
        "rendimento": "25m²",
        "unidade": "Caixa c/ 6 unidades",
        "preco": 1178,
        "ipi": "0%",
        "ipic": 0,
        "total": 1178
    },
    {
        "id": 13200,
        "nome": "SALVA PISO LIMPEZA",
        "produto": "Salva Piso Limpa Pedras",
        "usidade": "1l",
        "diluicao": "10",
        "rendimento": "25m²",
        "unidade": "Caixa c/ 6 unidades",
        "preco": 785,
        "ipi": "0%",
        "ipic": 0,
        "total": 785
    },
    {
        "id": 13300,
        "nome": "SALVA PISO LIMPEZA",
        "produto": "Salva Piso Limpa Rejunte",
        "usidade": "0,5l",
        "diluicao": "Pronto para uso",
        "unidade": "Caixa c/ 12 unidades",
        "preco": 1081,
        "ipi": "5%",
        "ipic": 54,
        "total": 1135
    },
    {
        "id": 14000,
        "nome": "SALVA PINTURA",
        "produto": "Proteção Pintura",
        "altura": "0,45m",
        "comprimento": "20m",
        "cobertura": "9m²",
        "preco": 1706,
        "ipi": "15%",
        "ipic": 256,
        "total": 1962
    },
    {
        "id": 14001,
        "nome": "SALVA PINTURA",
        "produto": "Proteção Pintura",
        "altura": "0,9m",
        "comprimento": "20m",
        "cobertura": "18m²",
        "preco": 2425,
        "ipi": "15%",
        "ipic": 364,
        "total": 2789
    },
    {
        "id": 14002,
        "nome": "SALVA PINTURA",
        "produto": "Proteção Pintura",
        "altura": "1,5m",
        "comprimento": "20m",
        "cobertura": "30m²",
        "preco": 3587,
        "ipi": "15%",
        "ipic": 538,
        "total": 4125
    },
    {
        "id": 14003,
        "nome": "SALVA PINTURA",
        "produto": "Proteção Pintura",
        "altura": "2,4m",
        "comprimento": "20m",
        "cobertura": "48m²",
        "preco": 5410,
        "ipi": "15%",
        "ipic": 812,
        "total": 6222
    },
    {
        "id": 15000,
        "nome": "SALVA QUINA",
        "produto": "Salva Quina Proteção para Quinas e Batentes",
        "largura": "5cm x 5cm",
        "comprimento": "1,8m",
        "unidade": "Pacote c/ 6 unidades",
        "preco": 430,
        "ipi": "15%",
        "ipic": 65,
        "total": 495
    },
    {
        "id": 16000,
        "nome": "SALVA METAIS",
        "produto": "Salva Metais Filme para Envolvimento",
        "largura": "0,1m",
        "comprimento": "75m",
        "cobertura": "7,5m²",
		"unidade": "Caixa c/ 6 unidades",
        "preco": 1145,
        "ipi": "15%",
        "ipic": 172,
        "total": 1317
    },
	    {
        "id": 17000,
        "nome": "SALVA BANCADA",
        "produto": "Salva Adesivo Adesivo para Proteção",
        "altura": "0,45m",
        "comprimento": "25m",
        "cobertura": "10m²",
        "preco": 2963,
        "ipi": "15%",
        "ipic": 445,
        "total": 3408
    },
    {
        "id": 17001,
        "nome": "SALVA BANCADA",
        "produto": "Salva Adesivo Adesivo para Proteção",
        "altura": "0,60m",
        "comprimento": "25m",
        "cobertura": "15m²",
        "preco": 4327,
        "ipi": "15%",
        "ipic": 649,
        "total": 4976
    },
    {
        "id": 17002,
        "nome": "SALVA BANCADA",
        "produto": "Salva Adesivo Adesivo para Proteção",
        "altura": "0,40m",
        "comprimento": "50m",
        "cobertura": "20m²",
        "preco": 5388,
        "ipi": "15%",
        "ipic": 808,
        "total": 6196
    },
    {
        "id": 17003,
        "nome": "SALVA BANCADA",
        "produto": "Salva Adesivo Adesivo para Proteção",
        "altura": "0,60m",
        "comprimento": "50m",
        "cobertura": "30m²",
        "preco": 8088,
        "ipi": "15%",
        "ipic": 1213,
        "total": 9301
    },
    {
        "id": 18000,
        "nome": "SALVA RALO",
        "produto": "Salva Ralo Tampão para ralos",
        "Largura": "10cm",
        "preco": 426,
        "ipi": "15%",
        "ipic": 21,
        "total": 447
    },
    {
        "id": 18001,
        "nome": "SALVA RALO",
        "produto": "Salva Ralo Tampão para ralos",
        "Largura": "15cm",
		"unidade": "Caixa c/ 6 unidades",
        "preco": 650,
        "ipi": "15%",
        "ipic": 33,
        "total": 683
    },
	{
        "id": 19000,
        "nome": "MATERIAL BASICO",
        "produto": "Papelão Ondulado",
        "largura": "1,2m",
        "comprimento": "25m",
        "cobertura": "30m²",
        "preco": 7772,
        "ipi": "5%",
        "ipic": 389,
        "total": 8161
    },
    {
        "id": 19001,
        "nome": "MATERIAL BASICO",
        "produto": "Papelão Ondulado",
        "largura": "1,2m",
        "comprimento": "50m",
        "cobertura": "60m²",
        "preco": 15066,
        "ipi": "5%",
        "ipic": 753,
        "total": 15819
    },
    {
        "id": 19100,
        "nome": "MATERIAL BASICO",
        "produto": "Lona Plastica Preta",
        "largura": "6m",
        "comprimento": "5m",
        "cobertura": "30m²",
        "preco": 1536,
        "ipi": "15%",
        "ipic": 230,
        "total": 1765
    },
    {
        "id": 19101,
        "nome": "MATERIAL BASICO",
        "produto": "Lona Plastica Preta",
        "largura": "5m",
        "comprimento": "4m",
        "cobertura": "20m²",
        "preco": 1096,
        "ipi": "15%",
        "ipic": 164,
        "total": 1260
    },
    {
        "id": 19102,
        "nome": "MATERIAL BASICO",
        "produto": "Lona Plastica Preta",
        "largura": "4m",
        "comprimento": "4m",
        "cobertura": "16m²",
        "preco": 914,
        "ipi": "15%",
        "ipic": 137,
        "total": 1051
    },
    {
        "id": 19103,
        "nome": "MATERIAL BASICO",
        "produto": "Lona Plastica Preta",
        "largura": "4m",
        "comprimento": "3m",
        "cobertura": "12m²",
        "preco": 744,
        "ipi": "15%",
        "ipic": 112,
        "total": 856
    },
    {
        "id": 19104,
        "nome": "MATERIAL BASICO",
        "produto": "Lona Plastica Preta",
        "largura": "3m",
        "comprimento": "3m",
        "cobertura": "9m²",
        "preco": 610,
        "ipi": "15%",
        "ipic": 91,
        "total": 701
    },
    {
        "id": 19105,
        "nome": "MATERIAL BASICO",
        "produto": "Lona Plastica Preta",
        "largura": "3m",
        "comprimento": "2m",
        "cobertura": "6m²",
        "preco": 475,
        "ipi": "15%",
        "ipic": 71,
        "total": 546
    },
	{
        "id": 19200,
        "nome": "MATERIAL BASICO",
        "produto": "Salva Crepe Fita Crepe",
        "altura": "1,8cm",
        "comprimento": "50m",
        "cobertura": "0,9m²",
        "preco": 303,
        "ipi": "0%",
        "ipic": 0,
        "total": 303
    },
    {
        "id": 19201,
        "nome": "MATERIAL BASICO",
        "produto": "Salva Crepe Fita Crepe",
        "altura": "4,8cm",
        "comprimento": "50m",
        "cobertura": "2,4m²",
        "preco": 802,
        "ipi": "0%",
        "ipic": 0,
        "total": 802
    },
    {
        "id": 19300,
        "nome": "MATERIAL BASICO",
        "produto": "Salva Crepe Premium",
        "altura": "4,8cm",
        "comprimento": "50m",
        "cobertura": "2,4m²",
        "preco": 1764,
        "ipi": "0%",
        "ipic": 0,
        "total": 1764
    }
]